{
  "generated_at": "2025-12-18T12:48:21.950Z",
  "microdollar_usage": {
    "total_rows": 241991473,
    "unique_user_count": 267667,
    "provider_avg_len": 8.9182272112155581,
    "provider_min_len": 4,
    "provider_max_len": 10,
    "provider_null_pct": 0.05644041846052980553,
    "model_avg_len": 20.0504599726896445,
    "model_min_len": 0,
    "model_max_len": 73,
    "model_null_pct": 0.23957414400299964288,
    "requested_model_avg_len": 22.6605096659941758,
    "requested_model_min_len": 1,
    "requested_model_max_len": 47,
    "requested_model_null_pct": 86.0058502970474501,
    "inference_provider_avg_len": 4.8852468531605164,
    "inference_provider_min_len": 3,
    "inference_provider_max_len": 17,
    "inference_provider_null_pct": 21.3433743593105861,
    "project_id_avg_len": 13.4347347438182012,
    "project_id_min_len": 0,
    "project_id_max_len": 93,
    "project_id_null_pct": 99.1711914576428071,
    "cache_discount_null_pct": 25.1394915886147773,
    "organization_id_null_pct": 97.8157594007454965,
    "cost_avg": 13932.164788575009,
    "cost_min": -6240,
    "cost_max": 20197350,
    "input_tokens_avg": 58175.817336133988,
    "output_tokens_avg": 461.7487794828208678,
    "cache_write_tokens_avg": 2.940518156191396,
    "cache_hit_tokens_avg": 37781.284275512468
  },
  "microdollar_usage_metadata": {
    "total_rows": 242008387,
    "message_id_avg_len": 35.2322183610934112,
    "message_id_min_len": 0,
    "message_id_max_len": 60,
    "user_prompt_prefix_avg_len": 99.4237799012764951,
    "user_prompt_prefix_min_len": 0,
    "user_prompt_prefix_max_len": 100,
    "user_prompt_prefix_null_pct": 2.2335428399843019,
    "http_user_agent_id_null_pct": 0.14717051934237303933,
    "http_ip_id_null_pct": 2.1537245318692199,
    "vercel_ip_city_id_null_pct": 11.0145777716373111,
    "vercel_ip_country_id_null_pct": 0.06156852737504506404,
    "ja4_digest_id_null_pct": 0.05821946988969436006,
    "system_prompt_prefix_id_null_pct": 2.2883033388425501,
    "vercel_ip_latitude_null_pct": 0.06111812976134583303,
    "vercel_ip_longitude_null_pct": 0.06111812976134583303,
    "system_prompt_length_null_pct": 0.07386562185549379328,
    "max_tokens_null_pct": 1.6336875961245095,
    "has_middle_out_transform_null_pct": 18.0246025936282944,
    "system_prompt_length_avg": 40877.858618947705,
    "system_prompt_length_min": 0,
    "system_prompt_length_max": 3729845,
    "max_tokens_avg": 32240.355089993046
  },
  "deduplication_tables": {
    "http_user_agent_count": 643,
    "http_user_agent_avg_len": 39.0419906687402799,
    "http_user_agent_min_len": 4,
    "http_user_agent_max_len": 162,
    "http_ip_count": 995843,
    "http_ip_avg_len": 13.2931235144495668,
    "http_ip_min_len": 7,
    "http_ip_max_len": 15,
    "vercel_ip_country_count": 220,
    "vercel_ip_country_avg_len": 2.0,
    "vercel_ip_country_min_len": 2,
    "vercel_ip_country_max_len": 2,
    "vercel_ip_city_count": 21689,
    "vercel_ip_city_avg_len": 11.0316750426483471,
    "vercel_ip_city_min_len": 2,
    "vercel_ip_city_max_len": 66,
    "ja4_digest_count": 514,
    "ja4_digest_avg_len": 36.0,
    "ja4_digest_min_len": 36,
    "ja4_digest_max_len": 36,
    "system_prompt_prefix_count": 14322689,
    "system_prompt_prefix_avg_len": 96.900534389876091,
    "system_prompt_prefix_min_len": 0,
    "system_prompt_prefix_max_len": 100
  }
}
